,ASW_label,ASW_label/batch,PCR_batch,isolated_label_silhouette,graph_conn,NMI_cluster/label,ARI_cluster/label,cell_cycle_conservation,isolated_label_F1,Overall Batch,Overall Bio,Overall
scANVI,0.5462538227438927,0.9257302048413659,0.7051554294967247,0.6197445660829544,0.9831971514982515,0.7557314017763948,0.5531135168351989,0.8182300397041897,0.6123147509979558,0.871360928612114,0.6508980163567645,0.7390831812589043
scVI,0.5269655678421259,0.931379462904102,0.8851887097108763,0.5673856856301427,0.9569890683998216,0.7235070261872045,0.5223552658224417,0.6989614620532467,0.3351950186260481,0.9245190803382667,0.5623950043602016,0.7072446347514276
scGen,0.6090157330036163,0.8998189327228263,0.4447903923505053,0.6080741375684738,0.9430794720072168,0.7928003659027564,0.6540000766015069,0.5924368028670469,0.4870839227144915,0.7625629323601828,0.6239018397763153,0.6793662768098623
Harmony,0.5336242616176605,0.9132500501284235,0.6747981182217899,0.5282638598233461,0.9262710247136384,0.7245606969341388,0.5300255231656537,0.8691486488952259,0.16367689290163234,0.8381063976879507,0.558216647222943,0.670172547408946
Scanorama,0.5402220476046686,0.9466460610882081,0.43594219787241184,0.5314992116391372,0.9430652687314176,0.7320295887502598,0.5244439371007152,0.9025975164142397,0.1896510524341824,0.7752178425640125,0.5700738923238672,0.6521314724199253
Unintegrated,0.5442240945994854,0.8815577227868611,0.0,0.5891874268651008,0.9494487040850101,0.7186177721349903,0.5176276256037393,1.0,0.34324585087540227,0.6103354756239571,0.6188171283464531,0.6154244672574547
ComBat,0.4740694392672314,0.9608300917258422,0.9989916567403574,0.4714718305672291,0.6234942632880263,0.4693185184641117,0.2152613323872789,0.8779623582395104,0.1181855024035485,0.8611053372514087,0.4377114968881517,0.6070690330334545
DESC,0.5357448272407055,0.6891479665674821,0.577172324665714,0.36776689207181334,0.7941901937743853,0.7032905356399248,0.49276877637401867,0.7067029941047216,0.15088545535441195,0.6868368283358605,0.492859913464266,0.5704506794129038
BBKNN,0.47775653190910816,0.9555823838044908,0.0,0.4842326113954186,0.8019502300106476,0.6195847392077973,0.30913059014000077,1.0,0.17848321136724557,0.5858442046050462,0.5115312806699285,0.5412564502439756
