,ASW_label,ASW_label/batch,PCR_batch,isolated_label_silhouette,graph_conn,NMI_cluster/label,ARI_cluster/label,cell_cycle_conservation,isolated_label_F1,Overall Batch,Overall Bio,Overall
In-house Tokenized HVG Transformer Encoder Model,0.6798421144485474,0.9163788871616766,0.7911431373506053,0.8336926162242889,0.9972161676402267,0.8858966821955164,0.7155588279926632,0.5889468946919164,0.8021241761470972,0.9015793973841696,0.7510102186166715,0.8112378901236708
In-house HVG Encoder Model,0.6205134242773056,0.8867784948864542,0.758818945219626,0.7872904479503632,0.9955595081173412,0.8409231380377277,0.6669485237140568,0.6234876709394467,0.7689874230628909,0.8803856494078071,0.7180251046636318,0.7829693225613019
scANVI,0.5547672547399998,0.905435303235806,0.6466516963492337,0.6669194132089615,0.9818371779581292,0.7426859608046005,0.5664149090073352,0.6818304450735784,0.5694592294975196,0.8446413925143896,0.6303462020553324,0.7160642782389554
scVI,0.5202572867274284,0.9176855511604408,0.8449116701567758,0.5935473505407571,0.947086717771962,0.7122147495730204,0.5431209029998366,0.5783005067000108,0.2986284845650075,0.9032279796963928,0.5410115468510102,0.6858981199891632
scGen,0.5409460961818695,0.9285090187670648,0.8525478493736743,0.5568069353699684,0.9410350872010672,0.7147679031224131,0.4876650174593369,0.6056552471091549,0.286233436348694,0.9073639851139355,0.5320124392652396,0.6821530576047179
