,ASW_label,ASW_label/batch,PCR_batch,isolated_label_silhouette,graph_conn,NMI_cluster/label,ARI_cluster/label,cell_cycle_conservation,isolated_label_F1,Overall Batch,Overall Bio,Overall
In-house HVG Encoder Model,0.720084011554718,0.8798051413105875,0.6675067153751625,0.8068417333066463,0.9989226743623612,0.9495578915148262,0.9059051647770201,0.6921896010448775,0.8150931111686897,0.8487448436827038,0.8149452522277963,0.8284650888097593
scGen,0.597026914358139,0.9035062296621892,0.7033511234410518,0.5938046060502529,0.9450141012822516,0.7877962274602308,0.6392942707444796,0.8431200965864638,0.5925414977278202,0.8506238181284975,0.675597268821231,0.7456078885441375
scANVI,0.549041174352169,0.9239649779439936,0.8083896363578152,0.6261734381318093,0.984902067494036,0.7793453191819323,0.5798976324615615,0.6087982590620193,0.5956809194693484,0.9057522272652817,0.6231561237764732,0.7361945651719967
scVI,0.525111036375165,0.93120018185361,0.9223452626702012,0.5672047335654498,0.9571865589957164,0.7250737107884515,0.5337250391476481,0.4750371500454193,0.3186840264610956,0.9369106678398426,0.5241392827305382,0.6892478367742599
Harmony,0.5331334695219994,0.9134528448396796,0.7940987161353894,0.5227921832352876,0.9268711527830936,0.7300503846795388,0.5362529404975896,0.8174667060101146,0.1819412162404877,0.8781409045860542,0.5536061500308364,0.6834200518529235
PCA,0.5378973446786404,0.9091260398463956,0.4042805252851665,0.5597383085638284,0.9480500869465012,0.7225792490568781,0.5197117651963566,0.8095771077852962,0.2588147056900136,0.7538188840260212,0.5680530801618356,0.6423594017075098
Unintegrated,0.4807929936796427,0.9558601591313088,0.4043563322402677,0.4864700146019459,0.822325843692847,0.640019245544928,0.3273567924749721,0.7872993445954191,0.1549395108308933,0.7275141116881412,0.47947965028796674,0.5786934348480365
