,ASW_label,ASW_label/batch,PCR_batch,isolated_label_silhouette,graph_conn,NMI_cluster/label,ARI_cluster/label,cell_cycle_conservation,isolated_label_F1,Overall Batch,Overall Bio,Overall
In-house Tokenized HVG Transformer Encoder Model,0.6269387900829315,0.9178445453367124,0.7833113381904937,0.8106301218271256,0.9885158136732659,0.7922682500012741,0.504787068015023,0.5816184946077028,0.6788104769387928,0.8965572324001574,0.665842200245475,0.758128213107348
In-house HVG Encoder Model,0.5476292856037617,0.8710980587613265,0.7675534986987885,0.761622029542923,0.983832814051792,0.7582452904480959,0.4590496981561575,0.6353089919431181,0.6115967437796269,0.8741614571706356,0.6289086732456138,0.7270097868156227
scANVI,0.5366713777184486,0.9052566438698076,0.589548428082819,0.6436963394284249,0.9738609696466451,0.711109055046164,0.4878760734639791,0.6294765953895566,0.4313002782092564,0.8228886805330906,0.5733549532093049,0.6731684441388192
scGen,0.5225606523454189,0.951028383731424,0.8001522120180933,0.539838923048228,0.9365091311521994,0.7186920051777808,0.4813573407678353,0.5654610049402491,0.2280422708466545,0.8958965756339055,0.5093253661876944,0.6639538499661788
scVI,0.5074767731130123,0.9141428137255316,0.7764242041146973,0.5903257666592253,0.9437423443908936,0.6763980784911887,0.4965376741927719,0.5389633111875126,0.2123538115121759,0.8781031207437074,0.5036759025259812,0.6534467898130717
Harmony,0.5191384870558977,0.9227734408688792,0.8373023297273788,0.5213666696101427,0.8921980336605803,0.6794357540488059,0.4354566706691703,0.6084805443258422,0.1800036919241044,0.8840912680856127,0.49064696960566057,0.6480246889976414
Unintegrated,0.5057695051655173,0.9486128004828114,0.5981990054325412,0.5397764989174902,0.9555890756059932,0.6830876386244414,0.3992306640352949,0.617597473933071,0.3158623392690194,0.8341336271737819,0.5102206866574723,0.6397858628639962
PCA,0.5212348829954863,0.9281385077569664,0.5982397128426021,0.5373798940330744,0.9290339406656232,0.6920602574006329,0.4714959422437617,0.6305326205333285,0.219477876267041,0.8184707204217306,0.5120302455788874,0.6346064355160247
