,ASW_label,ASW_label/batch,PCR_batch,isolated_label_silhouette,graph_conn,NMI_cluster/label,ARI_cluster/label,cell_cycle_conservation,isolated_label_F1,Overall Batch,Overall Bio,Overall
In-house Tokenized HVG Transformer Encoder Model,0.7569506466388702,0.9037001202682622,0.7298084804518741,0.8640482783317566,0.9994670039497537,0.9806902208507264,0.9713143676447974,0.6285796661509192,0.815625,0.8776585348899634,0.8362013632695118,0.8527842319176925
In-house HVG Encoder Model,0.6871800124645233,0.8876196536629262,0.7205154083021916,0.7709320932626724,0.9675786633008322,0.896149997727763,0.7153638270442169,0.6751193763502786,0.8006210593561647,0.8585712417553166,0.7575610610342699,0.7979651333226886
scGen,0.5952080562710762,0.9001255610809608,0.699620268694786,0.5856844045221805,0.9382239390721374,0.7655851876414974,0.6318664300989597,0.8622505517944784,0.4855287476213252,0.8459899229492948,0.6543538963249196,0.7310083069746697
scANVI,0.5480882786214352,0.917564530926744,0.7761580709860163,0.6152529209852219,0.9860283387376958,0.7621169935885389,0.5815053151168641,0.6276295181300564,0.4337758124622127,0.893250313550152,0.5947281398173881,0.7141370093104937
scVI,0.5265034679323435,0.929796493099588,0.905408190636554,0.564988155849278,0.9619539250096152,0.7089766885312178,0.5143285288444899,0.5080565419051573,0.3383220531068216,0.9323862029152524,0.5268625726948847,0.6890720247830318
