,ASW_label,ASW_label/batch,PCR_batch,isolated_label_silhouette,graph_conn,NMI_cluster/label,ARI_cluster/label,cell_cycle_conservation,isolated_label_F1,Overall Batch,Overall Bio,Overall
In-house HVG Encoder Model,0.7194975465536118,0.8793955386291639,0.7373983974770734,0.7581640630960464,0.9594344753717369,0.9610732720139099,0.9276227619884903,0.5926661422032703,0.8023391812865498,0.8587428038259914,0.7935604945236464,0.8196334182445844
scGen,0.5836646407842636,0.9106763972530504,0.7826735130176172,0.6011908054351807,0.9470606616394972,0.7881920451853985,0.6191431475036236,0.7391130243148938,0.6049129158070438,0.8801368573033882,0.6560360965050673,0.7456764008243957
scANVI,0.5584509000182152,0.9270379959422872,0.7940729949344796,0.6246346339583397,0.9855884801737022,0.7631320635312235,0.5800735319356563,0.5798492674300212,0.6547292907180047,0.9022331570168229,0.6268116145985767,0.7369802315658751
scVI,0.5274510849267244,0.9340753477134138,0.9201968226664392,0.5671921549364924,0.9605376135306006,0.7216989960551268,0.5505270701422864,0.4631607454810557,0.2556564157041358,0.9382699279701513,0.5142810778743035,0.6838766179126426
