,ASW_label,ASW_label/batch,PCR_batch,isolated_label_silhouette,graph_conn,NMI_cluster/label,ARI_cluster/label,cell_cycle_conservation,isolated_label_F1,Overall Batch,Overall Bio,Overall
In-house Tokenized HVG Transformer Encoder Model,0.617738239467144,0.9186755352284501,0.7763186911056777,0.7970545828342438,0.9881823339730419,0.7710849372253045,0.4612142489582781,0.6204848540735319,0.7058464325368562,0.8943921867690565,0.6622372158492263,0.7550992042171585
In-house HVG Encoder Model,0.5514055788516998,0.8722368545936073,0.7854473514939946,0.767906142026186,0.9874929567927372,0.764809612148712,0.4577633139578129,0.6381990926401222,0.6867149178866948,0.8817257209601129,0.6444664429185379,0.7393701541351679
scANVI,0.5423385091125965,0.8997283430034094,0.6377630321324601,0.6478538796305656,0.974081137851888,0.7057703004457235,0.4894032847011703,0.7076947083449407,0.3217893541133788,0.837190837662586,0.5691416727247294,0.676361338699872
scGen,0.5223498959094286,0.95135298225712,0.8395653392588118,0.5378815121948719,0.9524972931997836,0.7131201775276557,0.4820692137280965,0.6157117460480022,0.227482920098835,0.9144718715719051,0.516435910917815,0.6756502951794512
scVI,0.5137035865336657,0.9107938099967634,0.78156730040257,0.5920191553450422,0.9394293304921996,0.6839828735109783,0.4790046812774259,0.5660365970504648,0.2028127369077288,0.8772634802971777,0.5062599384375509,0.6546613551814017
