,ASW_label,ASW_label/batch,PCR_batch,isolated_label_silhouette,graph_conn,NMI_cluster/label,ARI_cluster/label,cell_cycle_conservation,isolated_label_F1,Overall Batch,Overall Bio,Overall
In-house Tokenized HVG Transformer Encoder Model,0.7091981917619705,0.9127515365518241,0.762260124122233,0.857082587480545,0.9982507011690582,0.9102287147470646,0.7528270648722009,0.5997257029526858,0.8025914626675548,0.891087453947705,0.7719422874136702,0.8196003540272842
In-house HVG Encoder Model,0.6729158610105515,0.8802028908480091,0.7480895231963693,0.8297683835029602,0.9978698742512028,0.8881481254829274,0.71294561116017,0.6002823839114046,0.8457862899585994,0.8753874294318603,0.7583077758377689,0.8051396372754054
scANVI,0.5594978369772434,0.9192831567969092,0.6777167623705467,0.6461743399500847,0.9851583691343264,0.7540314658959265,0.5783437869913799,0.6817641384481984,0.5988180325155907,0.8607194294339274,0.636438266796404,0.7261507318514134
scGen,0.5715792998671532,0.9253018529511156,0.7821764470367352,0.5648313157260418,0.9451007035872048,0.7613816519929786,0.5479670090191817,0.6705161212327406,0.4437575844516253,0.8841930011916851,0.5933388303816202,0.7096804987056462
scVI,0.5221851132810116,0.9288057170812803,0.8629296022182293,0.5756097733974457,0.9420437293251908,0.7150441515802074,0.5452215931096293,0.5662940469426526,0.2372204501716795,0.9112596828749001,0.5269291880804376,0.6806613859982227
