,ASW_label,ASW_label/batch,PCR_batch,isolated_label_silhouette,graph_conn,NMI_cluster/label,ARI_cluster/label,cell_cycle_conservation,isolated_label_F1,Overall Batch,Overall Bio,Overall
In-house HVG Encoder Model,0.7467786967754364,0.8777721360290385,0.6968493764200576,0.7701048731803894,0.9592021265417763,0.9645987657946288,0.9358435706670927,0.7123559340736513,0.8007383776710253,0.8446078796636242,0.8217367030270372,0.8308851736816719
scGen,0.6083733513951302,0.9098637893276448,0.782007253501184,0.61209656894207,0.9483402289718104,0.8247978188261694,0.7281392370001003,0.7094710226796912,0.6893123045495219,0.8800704239335464,0.6953650505654471,0.7692471999126869
scANVI,0.5492245964705944,0.9297168843010865,0.83137287380219,0.6217202514410018,0.9803237214174088,0.7656293929366939,0.5588490923870598,0.5820863546274131,0.5636359149920425,0.9138044931735617,0.6068576004758008,0.7296363575549052
scVI,0.5268904659897089,0.93570905717484,0.9253488521174386,0.5740864105522633,0.9634118204760374,0.7264457425391917,0.5364467600377566,0.4761308644171395,0.3518013027705769,0.9414899099227719,0.5319669243844395,0.6957761185997724
Harmony,0.5336951352655888,0.9133998929298368,0.7852362904862921,0.5282322634011507,0.925576427166556,0.7208016123592643,0.5252772799754365,0.8575829663080345,0.183939707451434,0.874737536860895,0.5582548274601514,0.6848479112204489
PCA,0.5371721461415291,0.9050022605579808,0.3362958502892595,0.569812773168087,0.9510053046346908,0.7125128142867745,0.5033051265920482,0.8471942197679437,0.3095663253121691,0.7307678051606437,0.5799272342114253,0.6402634625911127
Unintegrated,0.4777565319091081,0.9555823838044908,0.3362358902984063,0.4842326113954186,0.8019502300106476,0.6195847392077974,0.3091305901400007,0.8179909425935208,0.1784832113672455,0.6979228347045149,0.48119643776884863,0.5678869965431151
