,ASW_label,ASW_label/batch,PCR_batch,isolated_label_silhouette,graph_conn,NMI_cluster/label,ARI_cluster/label,cell_cycle_conservation,isolated_label_F1,Overall Batch,Overall Bio,Overall
In-house Tokenized HVG Transformer Encoder Model,0.7206952124834061,0.9204059263135961,0.7602895211176608,0.8643736004829407,0.9988466774182022,0.9373766440035362,0.8802184760205531,0.6193984953275959,0.9994623655913978,0.8931807082831531,0.836920798984905,0.8594247627042042
In-house HVG Encoder Model,0.6739796847105026,0.8952087057314062,0.7351813412177252,0.8090583950281143,0.998142768575148,0.9068216129445452,0.7541100753327279,0.6463478908758702,0.8030833145953125,0.8761776051747598,0.765566828914512,0.8098111394186112
scANVI,0.558066688477993,0.917774556529973,0.6579208883618303,0.6560008659958839,0.9856519400549212,0.7630286625945065,0.5788831554129552,0.6165325530081185,0.601558837083356,0.8537824616489081,0.6290117937621357,0.7189200609168447
scGen,0.5444060489535332,0.9254440056790876,0.7594962696114167,0.5667568929493427,0.9574372751369432,0.758603026550626,0.5344971165727754,0.720470969184914,0.5068094358391422,0.8807925168091492,0.6052572483417222,0.715471355728693
scVI,0.5224701836705208,0.9262746088456072,0.8680783875582039,0.5841816483065486,0.9518693542226244,0.7141468989723055,0.5526698624766302,0.506788997995626,0.3025103260904729,0.9154074502088118,0.5304613195853506,0.684439771834735
