,ASW_label,ASW_label/batch,PCR_batch,isolated_label_silhouette,graph_conn,NMI_cluster/label,ARI_cluster/label,cell_cycle_conservation,isolated_label_F1,Overall Batch,Overall Bio,Overall
In-house Tokenized HVG Transformer Encoder Model,0.7085187286138535,0.9200872914712955,0.7435520518268869,0.850668728351593,0.9985184447768016,0.9088689335995921,0.7474824605455557,0.652315794715832,0.9993829949090058,0.887385929358328,0.8112062734559053,0.8416781358168743
In-house HVG Encoder Model,0.67601378262043,0.8917604103680686,0.7521043555993348,0.8371953636407852,0.998015074004153,0.8924332694864964,0.7259702310345565,0.6116181309174974,0.8134528922713686,0.8806266133238522,0.7594472783285223,0.8079190123266542
scANVI,0.5532486997544765,0.9180197761323644,0.7049529387062632,0.6423988610506057,0.9862795412560856,0.7496876717114261,0.5696858119304772,0.6867127852876251,0.5717236456859879,0.869750752031571,0.6289095792367664,0.7252460483546883
scGen,0.5744932070374489,0.9115505146985196,0.5809192390280967,0.5669459961354733,0.9441118972792356,0.7514752745679529,0.5410023464189091,0.9337942957588165,0.4305458371157586,0.8121938836686172,0.6330428261723932,0.7047032491708828
scVI,0.5221653860062361,0.9295480713906332,0.8818294791897675,0.5790573105216026,0.9377114211205476,0.7082909172365839,0.5357610153306323,0.5357353792270727,0.2493328400312616,0.9163629905669827,0.5217238080588983,0.6795794810621321
