,ASW_label,ASW_label/batch,PCR_batch,isolated_label_silhouette,graph_conn,NMI_cluster/label,ARI_cluster/label,cell_cycle_conservation,isolated_label_F1,Overall Batch,Overall Bio,Overall
In-house Tokenized HVG Transformer Encoder Model,0.707811638712883,0.9215156555491884,0.7748928992161401,0.8501491129398346,0.9982884196707676,0.910397661662371,0.7559388646162413,0.6113403347651667,0.9814703557312253,0.8982323248120321,0.802851328071287,0.8410037267675851
In-house HVG Encoder Model,0.6704288572072983,0.8803495563183432,0.752327852043689,0.8051397874951363,0.9979861867869362,0.8971677529257829,0.7356826847618064,0.6166724149968037,0.8136642156862746,0.8768878650496562,0.7564592855121837,0.8046307173271727
scANVI,0.55467788875103,0.9140496382522608,0.7138125591900839,0.6518057525157929,0.9840129761116622,0.7504713936399616,0.5757413148564284,0.6263276217802859,0.4731906482593115,0.8706250578513356,0.6053691033004683,0.7114714851208153
scGen,0.5466724783182144,0.9196955715598092,0.7904222493818106,0.5756739556789399,0.9467948629260836,0.7401458520238795,0.4990974565435601,0.6759111960500885,0.4269420789991193,0.8856375612892345,0.5774071696023002,0.700699326277074
scVI,0.5228830054402351,0.92656427567059,0.8692520864939518,0.5820250436663628,0.9570105592824236,0.7029835208233537,0.487799389447114,0.5234960931860437,0.3089424565994358,0.9176089738156552,0.5213549181937575,0.6798565404425165
