,ASW_label,ASW_label/batch,PCR_batch,isolated_label_silhouette,graph_conn,NMI_cluster/label,ARI_cluster/label,cell_cycle_conservation,isolated_label_F1,Overall Batch,Overall Bio,Overall
In-house Tokenized HVG Transformer Encoder Model,0.7016303539276123,0.9169491543237079,0.7526217088111673,0.855332899093628,0.9983389857389617,0.9004702937927952,0.7465155022324882,0.6119408788830487,0.8427665620571336,0.8893032829579456,0.7764427483311177,0.8215869621818488
In-house HVG Encoder Model,0.6589526832103729,0.891515734491758,0.7424498080888582,0.7594917461276054,0.9770492548249492,0.8890246715152357,0.7301495665760448,0.6188406154661481,0.7991231622021078,0.8703382658018551,0.742597074182919,0.7936935508304934
scANVI,0.5561600290238857,0.9140693754807588,0.6660804431585797,0.6509778320789337,0.9811550810628172,0.7455210268724405,0.5647393697662447,0.6144953540601801,0.4790114625122684,0.8537682999007186,0.6018175123856588,0.7025978273916827
scGen,0.5339800007641315,0.9005560944799826,0.7359469098632406,0.569485797546804,0.9412657105651452,0.7402625619600505,0.5202719844005952,0.6029615825292151,0.4965249649874667,0.8592562383027896,0.5772478153647105,0.6900511845399422
scVI,0.5229383688420057,0.927017311096445,0.868931728680591,0.5808892799541354,0.9530791607815984,0.7012604878059381,0.5378911071713257,0.50546197740162,0.3544799817603775,0.9163427335195449,0.5338202004892337,0.6868292137013582
Harmony,0.5316411554813385,0.9162871977347236,0.8325795896865891,0.5235228379257023,0.9201632778177772,0.707849113541788,0.5049120524776655,0.678946094052055,0.210110353869219,0.8896766884130299,0.526163601224628,0.6715688360999887
PCA,0.5383067578077316,0.9181301557908328,0.5356593829296681,0.5535401303321124,0.9429002580616116,0.7105269066135423,0.4195268327786316,0.6843837296993572,0.2058560537605627,0.7988965989273709,0.5186900684986564,0.6307726806701421
Unintegrated,0.4967556947376579,0.9565655945135468,0.5356988674657939,0.5053162286989391,0.9399174181324316,0.7025592663410887,0.4222227468561828,0.6792414430014218,0.1958135376053134,0.8107272933705908,0.500318152873434,0.6244818090722968
