,ASW_label,ASW_label/batch,PCR_batch,isolated_label_silhouette,graph_conn,NMI_cluster/label,ARI_cluster/label,cell_cycle_conservation,isolated_label_F1,Overall Batch,Overall Bio,Overall
In-house Tokenized HVG Transformer Encoder Model,0.7162714600563049,0.9145543205570569,0.7271620561431914,0.8580693781375885,0.9982828803695971,0.9100946533900819,0.8081978291229922,0.6418283963949438,0.8798259355961704,0.8799997523566151,0.8023812754496803,0.8334286662124542
In-house HVG Encoder Model,0.6750744134187698,0.8899081172400909,0.7374552892341234,0.7646500855684281,0.9878388246594804,0.8994634134971832,0.7427809318368142,0.6352589841509855,0.7971327415186186,0.8717340770445648,0.7523934283317999,0.8001296878169059
scANVI,0.5550255700945854,0.9167998699726826,0.7243694540751596,0.6412064403295517,0.986749596090444,0.7625928540252557,0.5931024670200687,0.662643807086537,0.6112938796482122,0.8759729733794287,0.6376441697007018,0.7329756911721925
scGen,0.5692313462495804,0.9253557746636492,0.8957355884951386,0.5641745023429394,0.9467651514413952,0.7464535766116864,0.4934544730974624,0.5149012899115307,0.4720084464503166,0.922618838200061,0.5600372724439193,0.7050698987463759
scVI,0.5255982950329781,0.928359713400638,0.8952897958538137,0.5766002263873815,0.9653118331497236,0.709907978773436,0.5231898428553508,0.5192293468463329,0.2950551812178753,0.9296537808013917,0.5249301451855591,0.6868195994318922
