,ASW_label,ASW_label/batch,PCR_batch,isolated_label_silhouette,graph_conn,NMI_cluster/label,ARI_cluster/label,cell_cycle_conservation,isolated_label_F1,Overall Batch,Overall Bio,Overall
In-house Tokenized HVG Transformer Encoder Model,0.7498518973588943,0.9035717990853466,0.7467503430651066,0.867891663312912,0.9993542267603874,0.965244171636061,0.9371550227818032,0.6535445297779441,0.9538461538461538,0.8832254563036136,0.8545889064522948,0.8660435263928223
In-house HVG Encoder Model,0.7063343822956085,0.8903069770515393,0.7262579875737593,0.8442888885736466,0.9986071591024883,0.9320855915515105,0.8671291330036632,0.6552388138524458,0.8146897678980058,0.8717240412425956,0.8032944295291468,0.8306662742145263
scGen,0.5678726062178612,0.9127846283927464,0.7375821483709479,0.5778262935578823,0.9472358368381784,0.7701649021957591,0.5960094358888501,0.7961276086868361,0.6312164902119901,0.8658675378672909,0.6565362227931965,0.7402687488228342
scANVI,0.5491345338523388,0.9224684865002852,0.7540229557920926,0.6257226929068566,0.9865250072392964,0.7704852290238777,0.5750206152483982,0.6255048039575135,0.5526601222358767,0.8876721498438913,0.6164213328708102,0.7249216596600427
scVI,0.5228669531643391,0.9323599834213886,0.9063679283496624,0.5646760076284408,0.9592247926761444,0.701907027371164,0.5317374780700895,0.5053443713960657,0.2469005719285716,0.9326509014823984,0.5122387349264451,0.6804036015488264
Harmony,0.5351895466446877,0.9118659594838344,0.8045554888607572,0.5171193465590477,0.9194123657403608,0.720170578615283,0.5276478955260163,0.7699175885733227,0.178839227720058,0.8786112713616507,0.5414806972730691,0.6763329269085018
PCA,0.5396823063492775,0.9138790921387036,0.4665911723562134,0.551788717508316,0.9468423264738064,0.7032277068011772,0.4794933339487393,0.7689052051367833,0.2810435751880006,0.7757708636562411,0.5540234741553823,0.6427224299557259
Unintegrated,0.4870140329003334,0.9565332924309102,0.4665539858862798,0.4934058877639472,0.8875237135967158,0.6700361775935612,0.3997619137903459,0.7532337091344773,0.1747071074123616,0.7702036639713019,0.49635980476583774,0.6058973484480235
