,ASW_label,ASW_label/batch,PCR_batch,isolated_label_silhouette,graph_conn,NMI_cluster/label,ARI_cluster/label,cell_cycle_conservation,isolated_label_F1,Overall Batch,Overall Bio,Overall
In-house Tokenized HVG Transformer Encoder Model,0.6779525279998779,0.9200922657080344,0.7872580724974243,0.8302231967449188,0.9969229466613448,0.8822365470750655,0.7110318907686304,0.5985756228020628,0.7980366281340585,0.9014244282889345,0.749676068920769,0.8103754126680351
In-house HVG Encoder Model,0.6224721893668175,0.8770646409046033,0.7552023602414153,0.7800307333469391,0.9940204867135324,0.8252707125718926,0.523473256209335,0.6224410182646082,0.7366175962402378,0.8754291626198504,0.6850509176666383,0.7612022156479231
scANVI,0.5592051558196545,0.9097450839260344,0.6413732918959277,0.655876898765564,0.9832050854805802,0.7503760181925146,0.5696992741592056,0.6451654280716451,0.5425161113040049,0.8447744871008475,0.6204731477187648,0.7101936834715978
scVI,0.5209271479398012,0.9190666638568976,0.8398953481495567,0.5887145530432463,0.944609793886464,0.7014670565975424,0.5172238209132363,0.5489350230806185,0.2224938608511248,0.9011906019643061,0.5166269104042615,0.6704523870282794
scGen,0.5353146754205227,0.9321160150683664,0.7091719485450799,0.54955282965675,0.9415160000116676,0.7433442288839553,0.5309335461521897,0.6099715595341552,0.2521083999934448,0.8609346545417047,0.5368708732735029,0.6664963857807836
