,ASW_label,ASW_label/batch,PCR_batch,isolated_label_silhouette,graph_conn,NMI_cluster/label,ARI_cluster/label,cell_cycle_conservation,isolated_label_F1,Overall Batch,Overall Bio,Overall
In-house Tokenized HVG Transformer Encoder Model,0.6713006049394608,0.9188738881463967,0.7849447934118409,0.8334567904472351,0.9962128935558294,0.8758622656372266,0.7107575774541086,0.5553575642010082,0.9280387133504128,0.9000105250380223,0.7624622526715754,0.8174815616181541
In-house HVG Encoder Model,0.6221504583954811,0.8871487706547837,0.747122001433234,0.7825481683015824,0.9939494862656748,0.8308275664540758,0.6146977839751302,0.6221722637634579,0.7359166624036917,0.876073419451231,0.7013854838822365,0.7712606581098342
scANVI,0.5537978261709213,0.9055327130770364,0.628264250061301,0.6559316962957382,0.9802174431188528,0.7435833194598165,0.5645498893159523,0.6518322995425117,0.5423008204665754,0.83800480208573,0.6186659752085859,0.7064015059594435
scVI,0.5210595894604921,0.9200896139726836,0.8499461788250872,0.5912977091968059,0.9356187570379556,0.7041739946088138,0.5181172557886032,0.5570509123205397,0.2965462104903095,0.9018848499452421,0.5313742786442607,0.6795785071646532
scGen,0.5394671447575092,0.9288026046920896,0.7947620697541274,0.5506226751953364,0.944254715463512,0.7441553298117821,0.5367470558386627,0.6059845345195971,0.2541282717588939,0.8892731299699097,0.5385175019802969,0.678819753176142
Harmony,0.531768437474966,0.9204232232967396,0.8400034714584762,0.5253583140671253,0.9129024374239536,0.7047925252103999,0.4953940159006157,0.6212470819549359,0.1915217462759515,0.8911097107263899,0.5116803534806658,0.6634520963789554
Unintegrated,0.5045057963579893,0.9543634156594216,0.5764698765337689,0.5182649647817016,0.954001379965876,0.6996789031181397,0.405111846282853,0.6270190447198487,0.2999148503470402,0.8282782240530221,0.5090825676012621,0.6367608301819662
PCA,0.534548182040453,0.9196942196820432,0.5766453481831573,0.5484233867377043,0.9405887361909832,0.6988472181425236,0.4656236696610613,0.6273924358253551,0.2373755969630048,0.8123094346853946,0.5187017482283504,0.6361448228111681
