,ASW_label,ASW_label/batch,PCR_batch,isolated_label_silhouette,graph_conn,NMI_cluster/label,ARI_cluster/label,cell_cycle_conservation,isolated_label_F1,Overall Batch,Overall Bio,Overall
In-house HVG Encoder Model,0.7094484865665436,0.901399792460253,0.7346593577308322,0.7791993830353021,0.9688929708302088,0.9480540929744541,0.8973663968445379,0.6042953579668728,0.8005197756310707,0.8683173736737647,0.7898139155031302,0.821215298771384
scANVI,0.5568569786846638,0.9259002958242976,0.7603237396573664,0.6325953155755997,0.98311377724111,0.7693421486854456,0.6243319748329101,0.6128538924036684,0.6587815676569642,0.8897792709075913,0.6424603129732086,0.7413878961469618
scGen,0.6003104597330093,0.8865282209082337,0.8254415095752291,0.5957425884902477,0.945682007792683,0.7867140927523104,0.6423008710687085,0.6887741787478411,0.5293623709433952,0.8858839127587154,0.6405340936225854,0.7386740212770373
scVI,0.5268364120274782,0.935493217709512,0.914858109820704,0.5706467038020492,0.96443745995137,0.726970743667159,0.533753880538254,0.4889821851858765,0.2513981200080694,0.9382629291605288,0.516431340871481,0.6851639761871001
