,ASW_label,ASW_label/batch,PCR_batch,isolated_label_silhouette,graph_conn,NMI_cluster/label,ARI_cluster/label,cell_cycle_conservation,isolated_label_F1,Overall Batch,Overall Bio,Overall
In-house HVG Encoder Model,0.7330710291862488,0.8879599725583244,0.7233920127266297,0.7608468234539032,0.9692696854379765,0.9691078807375488,0.9460034894973609,0.6906180876327429,0.8034174569406627,0.8602072235743101,0.8171774612414112,0.8343893661745708
scGen,0.5969555974006653,0.8914926617598128,0.669891810669566,0.6205031014978886,0.9478995170152972,0.8122550668886767,0.6772420489032325,0.8384237907309842,0.6415953172731873,0.8364279964815586,0.6978291537824391,0.7532686908620869
scANVI,0.5476538687944412,0.9278385395287364,0.8206290408872035,0.6232957795262337,0.9822501554838936,0.7718273325001805,0.5780092109012156,0.6132833308796873,0.6154775136992521,0.9102392452999446,0.6249245060501685,0.739050401750079
scVI,0.5268791373819113,0.9356555784407106,0.928779550760732,0.569042251817882,0.9633573705567974,0.7201989195293238,0.5241842112149975,0.4858380274312509,0.3232863159164484,0.9425974999194134,0.5249048105486357,0.6919818862969468
