,ASW_label,ASW_label/batch,PCR_batch,isolated_label_silhouette,graph_conn,NMI_cluster/label,ARI_cluster/label,cell_cycle_conservation,isolated_label_F1,Overall Batch,Overall Bio,Overall
In-house Tokenized HVG Transformer Encoder Model,0.7151223123073578,0.9145345280450669,0.753239496147513,0.839940357208252,0.9979548038811135,0.912884017044132,0.7601930259791049,0.6497214913662951,0.8620567565921329,0.8885762760245645,0.7899863267495458,0.8294223064595533
In-house HVG Encoder Model,0.6943911463022232,0.8855611333522971,0.7512385533862557,0.7746363490819931,0.9882998902544012,0.921049240854088,0.7712108854138928,0.6458020979605854,0.8116924546196138,0.8750331923309846,0.7697970290387328,0.8118914943556335
scANVI,0.5551175735890865,0.9212553510099872,0.7606781579818565,0.6309006616473198,0.9819675605614012,0.7622279285286063,0.6022290700325369,0.6180302287814083,0.575461393167066,0.887967023184415,0.6239944759576707,0.7295834948483684
scGen,0.5530184060335159,0.9115104811382504,0.7952850043952981,0.5651335798203945,0.9448419299108536,0.765057241961306,0.5476413156843415,0.6803553903051842,0.5260938192259035,0.8838791384814674,0.6062166255051076,0.7172816306956515
scVI,0.5239841360598803,0.9315822006572952,0.89726113260241,0.5670349441468716,0.9550868474124112,0.7183733221624888,0.5455913428363917,0.5218054884443727,0.3285177432939274,0.9279767268907054,0.5342178294906553,0.6917213884506754
