,ASW_label,ASW_label/batch,PCR_batch,isolated_label_silhouette,graph_conn,NMI_cluster/label,ARI_cluster/label,cell_cycle_conservation,isolated_label_F1,Overall Batch,Overall Bio,Overall
In-house Tokenized HVG Transformer Encoder Model,0.7204251885414124,0.91021168997184,0.7395273260743976,0.8572534084320068,0.9984605536924551,0.9275401064571474,0.8518088477526885,0.6745980509396201,0.9666666666666666,0.8827331899128975,0.8330487114649237,0.8529225028441132
In-house HVG Encoder Model,0.6792683303356171,0.8980716165201041,0.7361750758478067,0.7708285346627235,0.9784424671358788,0.9052341221599354,0.7450118926663787,0.5867332086689234,0.8023878050706894,0.8708963865012632,0.7482439822607113,0.7973049439569321
scANVI,0.5567556731402874,0.9202843144125054,0.6914406606668282,0.62553930580616,0.9815629346038928,0.7592058824299368,0.5540454913322609,0.6552689074923549,0.6493968937995411,0.864429303227742,0.6333686923334235,0.725792936691151
scGen,0.5735188946127892,0.9063125450647928,0.760215419746631,0.5765527032315731,0.93867845867337,0.7429794008817794,0.505550189640741,0.7327506854624222,0.5040484989075047,0.868402141161598,0.6059000621228016,0.7109008937383201
scVI,0.5244193859398365,0.9282481450351624,0.8723600953541126,0.5602947384119034,0.9614274621108038,0.713488396341477,0.536997492442566,0.5140704548312394,0.2508209354523767,0.9206785675000263,0.5166819005698998,0.6782805673419504
