,ASW_label,ASW_label/batch,PCR_batch,isolated_label_silhouette,graph_conn,NMI_cluster/label,ARI_cluster/label,cell_cycle_conservation,isolated_label_F1,Overall Batch,Overall Bio,Overall
In-house Tokenized HVG Transformer Encoder Model,0.6010558754205704,0.9068922104467014,0.7282227041591045,0.7625791415572166,0.9739943136356818,0.7207031295259658,0.46624514813057294,0.707797389206861,0.6339029931374405,0.8697030760804959,0.6487139461631045,0.737109598130061
In-house HVG Encoder Model,0.5254230238497257,0.8757106131129139,0.7151746623765385,0.7062334474176168,0.9625972194954244,0.6781297994640124,0.4536696251920041,0.6892487494501276,0.3938498213362995,0.8511608316616256,0.5744257444516311,0.685119779335629
scGen,0.5089140208438039,0.9489062980966472,0.822789383129056,0.570150910038501,0.9534111617459072,0.669269087228517,0.4939558583116348,0.5077143386901446,0.2437051340337265,0.9083689476572036,0.49895155819105463,0.6627185139775142
scANVI,0.5278482940047979,0.8995668841593025,0.6218201622112745,0.639195779291913,0.9449406626749882,0.6873576449541771,0.4774361064267258,0.6097798932722469,0.277676655579991,0.8221092363485217,0.5365490622549752,0.6507731318923938
scVI,0.5080210492014885,0.9105859947433732,0.7917979534714594,0.6041550554335118,0.908898018337403,0.6231816423914546,0.4526932815423037,0.5273035808409103,0.2741613687439885,0.8704273221840785,0.4982526630256096,0.6471225266889972
