,ASW_label,ASW_label/batch,PCR_batch,isolated_label_silhouette,graph_conn,NMI_cluster/label,ARI_cluster/label,cell_cycle_conservation,isolated_label_F1,Overall Batch,Overall Bio,Overall
In-house Tokenized HVG Transformer Encoder Model,0.7156180888414383,0.9104475682911275,0.7280469064454524,0.8743744254112243,0.9981914899778277,0.9207176028653151,0.7750240626624014,0.6445217502055515,0.8430350174616981,0.8788953215714693,0.7955484912412715,0.8288872233733506
In-house HVG Encoder Model,0.6831320822238922,0.8965356048645049,0.7340761429349127,0.7695510938763619,0.9584299430640094,0.8944222528338969,0.7435806362268153,0.6243575230670633,0.8007472131045162,0.8630138969544756,0.752631800222091,0.7967846389150448
scANVI,0.558716457337141,0.9225126535625012,0.7747490303625294,0.6373239010572433,0.98608637622227,0.766492438737842,0.633775688268179,0.6111894059341108,0.6643294759926279,0.8944493533824335,0.6453045612211906,0.7449624780856878
scGen,0.5700197070837021,0.9053537459455114,0.7681390250755804,0.5701141156256199,0.9481556096481328,0.7421547566979146,0.5533176471020271,0.7827585913332744,0.5768509032378205,0.8738827935564082,0.6325359535133931,0.7290746895305991
scVI,0.5278576705604792,0.9313153625100338,0.909234627992869,0.5730237921699881,0.9628657017922492,0.7120169482397355,0.5351141145012641,0.4965441106504949,0.2658652047761982,0.9344718974317173,0.5184036401496933,0.6848309430625029
