,ASW_label,ASW_label/batch,PCR_batch,isolated_label_silhouette,graph_conn,NMI_cluster/label,ARI_cluster/label,cell_cycle_conservation,isolated_label_F1,Overall Batch,Overall Bio,Overall
In-house HVG Encoder Model,0.7100510746240616,0.8836699625917258,0.7122281753327134,0.7761387199163436,0.9891246621796685,0.9369252120012126,0.8805990299021915,0.7085243266932563,0.8023104076458599,0.8616742667013693,0.8024247951304876,0.8261245837588402
scANVI,0.552730318158865,0.9255929442706452,0.8126534942370516,0.6260595068335533,0.9864822397146906,0.7749896869689237,0.620943582130955,0.5993279510811922,0.6611696124906119,0.9082428927407958,0.6392034429440169,0.7468192228627285
scGen,0.5802869498729706,0.8928129450906404,0.7273400181629962,0.6014283694326877,0.9447369393076503,0.7745705479517573,0.6105508213635078,0.8095210632315425,0.5362805036704651,0.8549633008537624,0.6521063759204885,0.733249145893798
scVI,0.5272303353995085,0.9334958404404212,0.9258050390095304,0.566167838126421,0.9643832666824024,0.7171565902727215,0.5145073491442603,0.4877039297080225,0.2443421865304932,0.9412280487107848,0.5095180381969046,0.6822020424024566
