,ASW_label,ASW_label/batch,PCR_batch,isolated_label_silhouette,graph_conn,NMI_cluster/label,ARI_cluster/label,cell_cycle_conservation,isolated_label_F1,Overall Batch,Overall Bio,Overall
In-house Tokenized HVG Transformer Encoder Model,0.7543547451496124,0.9115442313223117,0.7392376109082297,0.8878821074962616,0.9990499048366319,0.968283693916713,0.9470049192185417,0.6028284690564866,0.9666666666666666,0.8832772490223911,0.854503433584047,0.8660129597593846
In-house HVG Encoder Model,0.6920548379421234,0.8983396179708653,0.7309374853106997,0.7747436255216599,0.9684174243113594,0.9187998051189272,0.8540550371171931,0.6328651650500847,0.8036925779534474,0.8658981758643081,0.7793685081172392,0.8139803752160668
scANVI,0.5537340976297855,0.9215617463210024,0.7677487394960688,0.6255329668521881,0.985868944668453,0.7450743534750048,0.6163391303941071,0.6421686531799763,0.5302454516142364,0.8917264768285081,0.6188491088575497,0.7280000560459332
scGen,0.562726579606533,0.9157515712712682,0.7302548066616374,0.5703121438622475,0.9472135630203036,0.7657602090324033,0.5560832729555932,0.7322591333598051,0.5338608710433731,0.8644066469844031,0.6201670349766591,0.7178628797797567
scVI,0.5237935893237591,0.9292335623791788,0.8903018232000985,0.5692935723811388,0.9611851461745496,0.7050780248464052,0.53224225680691,0.5320215810984491,0.2679629701436162,0.9269068439179423,0.5217319991000464,0.6838019370272048
