,ASW_label,ASW_label/batch,PCR_batch,isolated_label_silhouette,graph_conn,NMI_cluster/label,ARI_cluster/label,cell_cycle_conservation,isolated_label_F1,Overall Batch,Overall Bio,Overall
In-house Tokenized HVG Transformer Encoder Model,0.6278000771999359,0.923668345204418,0.777225346887259,0.8252752155065537,0.9909246171286179,0.8037838121644969,0.483456104328235,0.535742436372817,0.8180223367221622,0.8972727697400984,0.6823466637157001,0.7683171061254594
In-house HVG Encoder Model,0.5501464046537876,0.8775605226667532,0.7675423436205013,0.7575672313570976,0.9868038754055112,0.7597484521973492,0.4511907082082176,0.6633964570576233,0.6361285825178442,0.8773022472309219,0.6363629726653199,0.7327386824915607
scGen,0.5282368492335081,0.9500414362010574,0.8150924537748754,0.5333259300328791,0.9515372756996592,0.7323295771502086,0.4466490539670208,0.6329058409958958,0.2410666612133455,0.9055570552251974,0.5190856520988096,0.6736742133493647
scANVI,0.536562979221344,0.8979530682331781,0.599970508858452,0.6450537711381912,0.9713741270315108,0.7147641993865939,0.4947035043812475,0.6278703394367492,0.4154451573360503,0.8230992347077137,0.572399991816696,0.672679688973103
scVI,0.5060497568920255,0.9070984137894204,0.8143056553256787,0.5956100495532155,0.9217043991030304,0.6785680881766671,0.495399973051959,0.5926085701957418,0.2898578889775548,0.8810361560727098,0.5263490544745273,0.6682238951138002
