,ASW_label,ASW_label/batch,PCR_batch,isolated_label_silhouette,graph_conn,NMI_cluster/label,ARI_cluster/label,cell_cycle_conservation,isolated_label_F1,Overall Batch,Overall Bio,Overall
In-house Tokenized HVG Transformer Encoder Model,0.7323237508535385,0.9100144713138896,0.751488739605934,0.873207175731659,0.9990066333910204,0.9407815068362488,0.8889873885439675,0.6265938191718105,0.8454545454545453,0.8868366147702812,0.8178913644319615,0.8454694645672893
In-house HVG Encoder Model,0.703148677945137,0.8954718881517666,0.7304020866693975,0.8454131513834,0.9986948786073107,0.9270997225176415,0.7819561200161669,0.6538382124309565,0.8149774507476856,0.8748562844761582,0.787738889173498,0.822585847294562
scANVI,0.5513499714434147,0.9195461317946912,0.7279286105528777,0.6254044637084007,0.9826565760815924,0.7582232155264172,0.5560603516532698,0.5994185254850988,0.5735118589003336,0.8767104394763873,0.6106613977861559,0.7170810144622485
scGen,0.5558125153183937,0.9060659493666996,0.8188258063935477,0.5744875475764275,0.9442851035248888,0.7400073703603235,0.5246858571354568,0.6450586489948054,0.4951682253349235,0.889725619761712,0.5892033607867218,0.7094122643767178
scVI,0.5241570174694061,0.9297031385295992,0.8849500897826488,0.563848452270031,0.9434720430687767,0.7117751474233469,0.5339075799073515,0.4930123226758781,0.2693972012862195,0.9193750904603416,0.5160162868387055,0.67735980828736
Harmony,0.5347539857029915,0.9151166929891202,0.8105882672771808,0.5159323994070292,0.9204867886868688,0.7265102900466428,0.5260492975326054,0.7317471769194053,0.1990751495625783,0.8820639163177232,0.5390113831952088,0.6762323964442145
PCA,0.5390397161245346,0.9164323444971144,0.4985187119909755,0.5506972879171371,0.9464648288013278,0.7166853451417236,0.5111849821962621,0.7325989906975898,0.2103124509002372,0.787138628429806,0.5434197954962475,0.6409073286696709
Unintegrated,0.491423231549561,0.9563898992469304,0.49843484174532,0.4985354659496807,0.91058595200425,0.6837225673891887,0.4295223935273181,0.7218029270536324,0.1737064468455201,0.7884702309988335,0.4997855053858169,0.6152593956310235
