,ASW_label,ASW_label/batch,PCR_batch,isolated_label_silhouette,graph_conn,NMI_cluster/label,ARI_cluster/label,cell_cycle_conservation,isolated_label_F1,Overall Batch,Overall Bio,Overall
In-house Tokenized HVG Transformer Encoder Model,0.5937790051102638,0.9032543092255582,0.7220632764743088,0.7676693789660931,0.9715070457006696,0.7159591135070982,0.3913865026584708,0.674366852771985,0.5094753626321701,0.8656082104668456,0.6087727026076802,0.7115069057513463
In-house HVG Encoder Model,0.5236353389918804,0.8861207346255515,0.6869114091657301,0.726950865983963,0.9609662946930102,0.665975260104386,0.4484223851604096,0.7304716785266765,0.4001452763592877,0.8446661461614307,0.5826001341877672,0.6874265389772327
scANVI,0.5294826030731201,0.9010239699771712,0.6321601975772382,0.6313957748934627,0.9493736432794716,0.6796083606114852,0.5021381085525591,0.629134243117031,0.260890619405657,0.8275192702779602,0.5387749516088858,0.6542726790765157
scGen,0.506098372861743,0.9488173040475472,0.8093416812451597,0.548284156806767,0.9433673179821372,0.6683094555600322,0.4919075564217557,0.4813363687574908,0.236437325057408,0.9005087677582814,0.4887288725775328,0.6534408306498323
scVI,0.508638315834105,0.9094347302500938,0.7673668079318796,0.597944936901331,0.9085324983789856,0.6303254925764618,0.4689477460795047,0.5298211186723636,0.2155943142819771,0.8617780121869864,0.4918786540576239,0.6398383973093689
