,ASW_label,ASW_label/batch,PCR_batch,isolated_label_silhouette,graph_conn,NMI_cluster/label,ARI_cluster/label,cell_cycle_conservation,isolated_label_F1,Overall Batch,Overall Bio,Overall
In-house Tokenized HVG Transformer Encoder Model,0.5918963104486465,0.8991456634091579,0.7508258686996366,0.7423131011426449,0.9730836750552962,0.7302655321211567,0.44655385838446854,0.6814738541955698,0.5263267969176098,0.8743517357213637,0.6198049088683494,0.7216236396095551
In-house HVG Encoder Model,0.5278109312057495,0.8705792198631478,0.7141857937152299,0.7182414419949055,0.9594597004813294,0.6854275336234184,0.3881042725999922,0.7105542205972746,0.3628950635457511,0.8480749046865691,0.5655055772611819,0.6785333082313367
scGen,0.5104846321046352,0.9482268607366638,0.814076651821104,0.5788602153770626,0.9488140756452388,0.6713110008022535,0.424551755244689,0.5456356618488002,0.2461663649183315,0.9037058627343356,0.49616827171596206,0.6591833081233115
scANVI,0.5280458219349384,0.8972808344992801,0.6399441721181927,0.634794251807034,0.94642376343786,0.674930677068078,0.483297632985749,0.5889564990938005,0.2526366543794357,0.8278829233517776,0.527110256211506,0.6474193230676146
scVI,0.5084659680724144,0.9070830397151324,0.7981437368952999,0.6017486864700914,0.904927512165598,0.6307722900055847,0.4667834442043129,0.5324308698465676,0.2242449016491416,0.8700514295920101,0.494074360041352,0.6444651878616152
Unintegrated,0.4977644099853933,0.9365928478645272,0.6412419529336041,0.5603683563880623,0.93546800565224,0.6557019167528486,0.4793765140561367,0.5953359229541711,0.2962861941721864,0.8377676021501238,0.514138885718133,0.6435903722909293
Harmony,0.4809433333575725,0.9227414216976514,0.8825448166765908,0.5123044306878001,0.8739651365697678,0.574677722684077,0.3970151288347023,0.6029670018561953,0.1675461334540874,0.8930837916480033,0.45590895847907237,0.6307788917466448
PCA,0.4857038352638483,0.9235799713184784,0.6412849760709783,0.5204049829160795,0.913883442681842,0.639852925980863,0.4347984279694997,0.6119756113686527,0.2240120618351711,0.8262494633570996,0.48612464088901913,0.6221745698762513
