,ASW_label,ASW_label/batch,PCR_batch,isolated_label_silhouette,graph_conn,NMI_cluster/label,ARI_cluster/label,cell_cycle_conservation,isolated_label_F1,Overall Batch,Overall Bio,Overall
In-house Tokenized HVG Transformer Encoder Model,0.5984667241573334,0.9054745804440907,0.7170400120736764,0.7502343161497265,0.9733849878954537,0.7417049620399468,0.437101836701266,0.7051724107390752,0.5320002007165561,0.8652998601377403,0.6274467417506507,0.7225879891054866
In-house HVG Encoder Model,0.5214853268116713,0.8846264344083415,0.7344205827470913,0.7105356549844146,0.9598717836599352,0.6729969165156447,0.3890924855954086,0.6959293557747703,0.396242200371399,0.8596396002717893,0.5643803233422181,0.6824840341140466
scGen,0.5070595876313746,0.9514392093398076,0.8256405393931053,0.5593344842549414,0.9533164213088272,0.6666282262412629,0.45065095515771,0.5185375467130725,0.2032782683757704,0.9101320566805802,0.48424817806235526,0.6546017295096452
scANVI,0.5316588319838047,0.8983971002282382,0.582828196052323,0.6356447527185083,0.9520027404038424,0.6873597120570334,0.5038705450203572,0.6192438276060264,0.2365438203404182,0.8110760122281345,0.5357202482876914,0.6458625538638687
scVI,0.5064112436957657,0.9074077142750346,0.7657268271185969,0.6017796620726585,0.9115479536505728,0.6318184030206965,0.4680271310335098,0.5418654258083275,0.2223359595093585,0.8615608316814014,0.49537297085671944,0.6418481151865922
