,ASW_label,ASW_label/batch,PCR_batch,isolated_label_silhouette,graph_conn,NMI_cluster/label,ARI_cluster/label,cell_cycle_conservation,isolated_label_F1,Overall Batch,Overall Bio,Overall
In-house Tokenized HVG Transformer Encoder Model,0.6733001917600632,0.9148931339672456,0.7885347090807348,0.8340979218482971,0.9965842759490835,0.8711599696924722,0.6897561695177523,0.5951050412993579,0.9491401147738567,0.900004039665688,0.7687599014819666,0.8212575567554552
In-house HVG Encoder Model,0.6222008541226387,0.8809627648421053,0.7871406004493492,0.7982616662979126,0.9943732282507668,0.8383239202140244,0.6529401567697618,0.612992494909115,0.7924872485190753,0.8874921978474072,0.7195343901387545,0.7867175132222156
scANVI,0.5447404310107231,0.905343173365281,0.6716549802900447,0.6619086995720863,0.9795531140159832,0.742938342537278,0.5599376361495502,0.6410648423788671,0.4029278332535455,0.8521837558904363,0.5922529641503417,0.6962252808463796
scVI,0.5187862943857908,0.9195826269038196,0.8347861569059243,0.596915653720498,0.929567074169692,0.7118760323918879,0.5387731623647701,0.5401566864015537,0.3124720469772549,0.8946452859931453,0.5364966460402926,0.6797561020214337
scGen,0.5337475463747978,0.9222254023338528,0.7378366940598241,0.556412183959037,0.941230255585898,0.7484485259936335,0.5016171856732297,0.5478944347011557,0.2365265051355195,0.8670974506598584,0.5207743969728956,0.6593036184476808
