,ASW_label,ASW_label/batch,PCR_batch,isolated_label_silhouette,graph_conn,NMI_cluster/label,ARI_cluster/label,cell_cycle_conservation,isolated_label_F1,Overall Batch,Overall Bio,Overall
In-house Tokenized HVG Transformer Encoder Model,0.6196319535374641,0.9247839194439631,0.7594125337496976,0.8100587517023087,0.9891114864022216,0.7954925180008857,0.4950022823247948,0.5508488361856994,0.8316996631032028,0.8911026465319608,0.6837890008090594,0.76671445909822
In-house HVG Encoder Model,0.5534130521118641,0.8843346267168036,0.7678756127688936,0.7620854437351227,0.9854002015778824,0.7641856348526157,0.4539891197081339,0.6564450397424059,0.5902102862847157,0.8792034803545267,0.6300547627391431,0.7297142497852965
scANVI,0.5393509715795517,0.8983031683855386,0.5894871771291689,0.6386954665184021,0.9760906977144922,0.7121058338760499,0.4954215633030214,0.6196290260189882,0.2962205666685284,0.8212936810763999,0.5502372379940903,0.6586598152270141
scGen,0.5220238920301199,0.9480882389595552,0.7755179740432901,0.5397197629325092,0.9430291415995148,0.7122689500387902,0.5120956396747612,0.4876353450892344,0.2339683177786065,0.88887845153412,0.5012853179240037,0.6563225713680503
scVI,0.511861177161336,0.9096243918454148,0.7510655930959997,0.5822826592484489,0.9288931961876444,0.6721973135955064,0.4464133745394936,0.5630930794585408,0.2923282065691105,0.8631943937096863,0.511362635095406,0.6520953385411181
