,ASW_label,ASW_label/batch,PCR_batch,isolated_label_silhouette,graph_conn,NMI_cluster/label,ARI_cluster/label,cell_cycle_conservation,isolated_label_F1,Overall Batch,Overall Bio,Overall
In-house Tokenized HVG Transformer Encoder Model,0.6239046901464462,0.9236626634497986,0.7626856798163727,0.7982662662863731,0.9878378409474312,0.7968667272573599,0.5065679804657043,0.5603603984116778,0.7482015362425039,0.8913953947378674,0.6723612664683443,0.7599749177761536
In-house HVG Encoder Model,0.5570651255548,0.8664440000737075,0.7349203383832241,0.7628141298890114,0.9852703142365984,0.7597899662936775,0.4453008752832542,0.6737880388095059,0.6106507853654456,0.8622115508978433,0.6349014868659492,0.7258255124787069
scANVI,0.5430618599057198,0.9064469339175466,0.5444218946414572,0.6463732898235321,0.9749159230512248,0.7115421169825419,0.4943724239022777,0.6830601101335019,0.3830934120102663,0.8085949172034095,0.5769172021263066,0.6695882881571478
scVI,0.5100989006459713,0.9134343596456792,0.7663422266950644,0.5918413165956735,0.9380144174318554,0.6766271480314571,0.4726643609759352,0.5849699713153068,0.2180779739880189,0.8725970012575329,0.5090466119253938,0.6544667676582494
scGen,0.5225359480828047,0.9506829498629176,0.7739945257812939,0.5372377272695303,0.9391022573526444,0.7250176492671966,0.4860465813756593,0.483672253024347,0.2165668563013704,0.8879265776656187,0.4951795025534847,0.6522783325983383
