,ASW_label,ASW_label/batch,PCR_batch,isolated_label_silhouette,graph_conn,NMI_cluster/label,ARI_cluster/label,cell_cycle_conservation,isolated_label_F1,Overall Batch,Overall Bio,Overall
In-house Tokenized HVG Transformer Encoder Model,0.6764254420995712,0.9135087434929094,0.788098837129026,0.8410821914672851,0.996676089469338,0.8798292287020587,0.6999685435591017,0.5604490027645687,0.9511590128386619,0.8994278900304246,0.768152236905208,0.8206624981552946
In-house HVG Encoder Model,0.62471804022789,0.8854270530107354,0.7644873341180408,0.8076402306556701,0.9952645041693144,0.8407474430849109,0.6513324121012616,0.6130560635332849,0.7671995155242263,0.8817262970993637,0.7174489508545406,0.7831598893524698
scANVI,0.5524475015699863,0.9107560357495958,0.6313995064204767,0.6570854380726814,0.984468056315854,0.7514856009331443,0.5694280981030652,0.6593610848288332,0.4337135338203753,0.8422078661619755,0.6039202095546811,0.6992352721975988
scVI,0.5217806417495012,0.922135679898389,0.8385418213640159,0.5897904165089131,0.941326112766667,0.6963283988837602,0.5140450548571375,0.5649602149581623,0.3002107064967155,0.9006678713430238,0.5311859055756982,0.6789786918826284
scGen,0.5356680229306221,0.9299706104060468,0.7605119407227332,0.5551461555063725,0.9423674251363404,0.7500180773704587,0.5181738968451587,0.5673290591463986,0.2551139798454623,0.8776166587550401,0.5302415319407454,0.6691915826664634
