,ASW_label,ASW_label/batch,PCR_batch,isolated_label_silhouette,graph_conn,NMI_cluster/label,ARI_cluster/label,cell_cycle_conservation,isolated_label_F1,Overall Batch,Overall Bio,Overall
In-house Tokenized HVG Transformer Encoder Model,0.7282090187072754,0.9132509344633815,0.7369516054078578,0.8745318651199341,0.9986882056426157,0.9390766508857685,0.8760792521413966,0.6498654310808177,0.8413974876626289,0.8829635818379516,0.8181932842663034,0.8441014032949627
In-house HVG Encoder Model,0.682648777961731,0.9071860860691549,0.7335554191745469,0.7754746487829834,0.9682860909728316,0.9118534303243432,0.753559895041349,0.6212429830153641,0.8005708769032138,0.8696758654055111,0.757558435338164,0.8024054073651028
scGen,0.5850469321012497,0.9144671437994228,0.7119387450317058,0.5754244312644005,0.9483683032827248,0.7830722635891978,0.6453473480489647,0.8036190906705661,0.6110570594968359,0.8582580640379511,0.6672611875285358,0.7436599381323019
scANVI,0.5543044209480286,0.922960627795798,0.7457384192140463,0.6306285500526428,0.9861920338460572,0.76658724770623,0.5618328250869948,0.6125688855188258,0.5981643086636425,0.8849636936186339,0.6206810396627274,0.72639410124509
scVI,0.5267393738031387,0.9327214414062788,0.9006818732677196,0.5733959835022688,0.9674275750755538,0.7157734958092135,0.5395037196301273,0.5131574767510062,0.3226761427858605,0.9336102965831841,0.5318743653802692,0.6925687378614351
