,ASW_label,ASW_label/batch,PCR_batch,isolated_label_silhouette,graph_conn,NMI_cluster/label,ARI_cluster/label,cell_cycle_conservation,isolated_label_F1,Overall Batch,Overall Bio,Overall
In-house Tokenized HVG Transformer Encoder with HVG Encoder,0.8247948586940765,0.8701852210952855,0.710937241670798,0.9199205458164216,0.9994278162229036,0.9872840297085532,0.983963549630043,0.6602908904466678,0.9812805474095796,0.8601834263296624,0.892922403617557,0.8798268127023992
In-house Tokenized HVG Transformer Encoder with Pathways Model,0.7440085560083389,0.9143923147533685,0.7313547867852042,0.8672288179397583,0.9991221656954151,0.9518417705448389,0.9171647379111844,0.6673490613556907,0.9816441174143524,0.8816230890779959,0.8548728435290273,0.8655729417486147
In-house Tokenized HVG Transformer Encoder Model,0.7156180888414383,0.9104475682911276,0.7280469064454524,0.8743744254112243,0.9981914899778276,0.9207176028653152,0.7750240626624014,0.6445217502055515,0.8430350174616981,0.8788953215714691,0.7955484912412715,0.8288872233733505
In-house HVG Encoder Model,0.6831320822238922,0.8965356048645049,0.7340761429349127,0.7695510938763619,0.9584299430640094,0.8944222528338969,0.7435806362268153,0.6243575230670633,0.8007472131045162,0.8630138969544756,0.752631800222091,0.7967846389150448
scANVI,0.5546770393848419,0.9235686925235972,0.7744990521414559,0.6319539070129394,0.9819944273605404,0.7734241853108306,0.6269360289051725,0.6610470615978478,0.6004275220916561,0.8933540573418646,0.6414109573838813,0.7421881973670746
scGen,0.5718873143196106,0.8886812839696995,0.6696278348825371,0.5934329621493817,0.94007354097867,0.7689895999094105,0.6276474510234626,0.8056211622669267,0.5614683099001773,0.8327942199436356,0.6548411332614948,0.7260223679343512
scVI,0.5275325551629066,0.9338495614280364,0.9031038237948364,0.5674977742135525,0.957824424774147,0.7134170432790873,0.5422769498446417,0.5287005311864872,0.2075235924111527,0.93159260333234,0.5144914076829714,0.6813318859427189
