,ASW_label,ASW_label/batch,PCR_batch,isolated_label_silhouette,graph_conn,NMI_cluster/label,ARI_cluster/label,cell_cycle_conservation,isolated_label_F1,Overall Batch,Overall Bio,Overall
In-house Tokenized HVG Transformer Encoder Model,0.739241749048233,0.9116224833786072,0.7498557490334968,0.8694921910762787,0.9989309651926211,0.9480316422343024,0.9031414350179569,0.6489772369402166,0.9663974876626288,0.8868030658682416,0.845880290329936,0.8622494005452583
In-house Tokenized HVG Transformer Encoder with Pathways Model,0.7283036410808563,0.9114112637117339,0.744184789748772,0.8616448938846588,0.9985150048889061,0.9368861598467277,0.8872301756182863,0.6724394642043805,0.9818181818181818,0.8847036861164707,0.8447204194088486,0.8607137260918973
In-house HVG Encoder Model,0.7047761231660843,0.892918462034373,0.7436685676707427,0.7789423391222954,0.9588949811320996,0.9488237707207006,0.9043182413794192,0.639945892925042,0.8008940263838875,0.8651606702790717,0.7962833989495715,0.8238343074813715
In-house Tokenized HVG Transformer Encoder with HVG Encoder,0.6990029364824295,0.8883611692542261,0.6361288447517736,0.7690213605761528,0.9697525599176148,0.8263577572318217,0.6225239108054766,0.6861409757076398,0.7288208378335679,0.8314141913078714,0.7219779631061813,0.7657524543868575
scGen,0.5797277167439461,0.9169457290947532,0.7444791973424255,0.5749582499265671,0.9496459396115045,0.7946415738011519,0.6052148635487505,0.7999481569820179,0.6061911092798236,0.870356955349561,0.6601136117137095,0.7442109491680502
scANVI,0.5609694942831993,0.9215569533031762,0.7068005537529367,0.6259712234139443,0.9837867313189071,0.7704810482117025,0.5972723738278923,0.6265878584284759,0.672494051849613,0.8707147461250067,0.6422960083358046,0.7336635034514853
scVI,0.5266364514827728,0.929798747712438,0.8930499124618623,0.5607313958927989,0.9648079281841891,0.7061184750714675,0.5280137245755165,0.4858097451765612,0.2662014973080696,0.9292188627861631,0.512251881584531,0.6790386740651839
