,ASW_label,ASW_label/batch,PCR_batch,isolated_label_silhouette,graph_conn,NMI_cluster/label,ARI_cluster/label,cell_cycle_conservation,isolated_label_F1,Overall Batch,Overall Bio,Overall
In-house Tokenized HVG Transformer Encoder with HVG Encoder,0.8757568597793579,0.8330894860977711,0.9333683638076522,0.9722905953725179,0.9999565547952645,0.9985743158074052,0.998846339568356,0.7565552541425397,1.0,0.9221381349002292,0.9336705607783627,0.9290575904271094
In-house Tokenized HVG Transformer Encoder with Pathways Model,0.8222706317901611,0.8521926784019045,0.959312770095766,0.9608486195405324,1.0,0.9999999999999998,1.0,0.7182386185170125,1.0,0.9371684828325568,0.9168929783079509,0.9250031801177933
In-house Tokenized HVG Transformer Encoder Model,0.8223651647567749,0.8441260956487849,0.9594769408063633,0.9637093345324198,1.0,0.9999999999999998,1.0,0.7054435457996885,1.0,0.9345343454850493,0.9152530075148139,0.9229655427029081
In-house HVG Encoder Model,0.7608384788036346,0.8482283958986224,0.8992846778558358,0.944457064072291,1.0,0.9994840500789816,0.9996086679002084,0.7394629893877426,1.0,0.9158376912514861,0.907308541707143,0.9107202015248803
scANVI,0.6269542276859283,0.9006587627187526,0.8565669958652519,0.5640981898953518,0.9927586491024214,0.835169629081836,0.8137509211459787,0.6915663991742802,0.5930093429243903,0.9166614692288086,0.6874247849846276,0.7791194586823
scGen,0.6237191185355186,0.9153090199895356,0.7606514768363156,0.5607807114720345,0.9865172178234244,0.8399662689939204,0.7180973077069079,0.926958244221344,0.5177597005516706,0.8874925715497586,0.6978802252468993,0.773725163768043
scVI,0.5857875272631645,0.9091629034544716,0.9191764790661848,0.5328121359149615,0.9948492248032808,0.8193925622182118,0.8071098829060296,0.6655030245915347,0.4017112962868454,0.941062869107979,0.6353860715301246,0.7576567905612663
