,ASW_label,ASW_label/batch,PCR_batch,isolated_label_silhouette,graph_conn,NMI_cluster/label,ARI_cluster/label,cell_cycle_conservation,isolated_label_F1,Overall Batch,Overall Bio,Overall
In-house Tokenized HVG Transformer Encoder with HVG Encoder,0.87757408618927,0.8437138764055977,0.9168614601319283,0.9753895401954651,0.9999617956064948,0.9978854841269665,0.9984261255111271,0.7718974675890102,1.0,0.920179044048007,0.9368621172686398,0.9301888879803867
In-house Tokenized HVG Transformer Encoder Model,0.8225307762622833,0.861633121987644,0.9571176270370922,0.9636717438697816,1.0,0.9999999999999998,1.0,0.7119567458428012,1.0,0.9395835830082454,0.9163598776624777,0.9256493598007848
In-house Tokenized HVG Transformer Encoder with Pathways Model,0.8184443116188049,0.8482841189615481,0.9601795136229944,0.9633704721927644,1.0,0.9999999999999998,1.0,0.6946002460165565,1.0,0.9361545441948476,0.9127358383046876,0.9221033206607516
In-house HVG Encoder Model,0.76231849193573,0.8435367676224944,0.8891378764382064,0.9451332092285156,0.9999865618490896,0.9994909117281456,0.999660997635042,0.7548137740448541,1.0,0.9108870686365967,0.910236230762048,0.9104965659118676
scGen,0.6467328667640686,0.8976799006341034,0.7981731252033538,0.5602116249501705,0.9754015406299092,0.8778023125138306,0.8968317629712136,0.9673631372296754,0.3821688955547223,0.8904181888224555,0.7218517666639469,0.7892783355273503
scANVI,0.6254504323005676,0.8986028253419615,0.8508746584803937,0.5671601863577962,0.9958305612143802,0.8504813880101036,0.8468005141389496,0.6864397102543048,0.375760163642554,0.9151026816789117,0.6586820657840459,0.7612503121419922
scVI,0.5798136740922928,0.90943023571837,0.9298899469134736,0.5373470348616441,0.9835603000807224,0.8118694577638073,0.8049305906983897,0.6202265913394105,0.387281824845101,0.9409601609041887,0.6235781956001075,0.75053098172174
