,ASW_label,ASW_label/batch,PCR_batch,isolated_label_silhouette,graph_conn,NMI_cluster/label,ARI_cluster/label,cell_cycle_conservation,isolated_label_F1,Overall Batch,Overall Bio,Overall
In-house Tokenized HVG Transformer Encoder with HVG Encoder,0.9445629417896271,0.8804021484066994,0.8675600515901615,0.9661784172058105,1.0,1.0,1.0,0.47868005253532636,1.0,0.9159873999989537,0.898236901921794,0.9053371011526579
In-house Tokenized HVG Transformer Encoder Model,0.8538309633731842,0.8905313710445254,0.9354838511216184,0.9428989887237548,1.0,0.933978989272213,0.8619700101190333,0.5108387037834904,1.0,0.9420050740553813,0.8505862758786127,0.88715379514932
In-house Tokenized HVG Transformer Encoder with Pathways Model,0.8575139939785004,0.8915337703544929,0.9342527625594622,0.942101627588272,1.0,0.9346872395315164,0.8626488230584788,0.4949158761416159,1.0,0.9419288443046517,0.8486445933830639,0.885958293751699
In-house HVG Encoder Model,0.8246432840824127,0.8592200278987995,0.9588778112396064,0.92658931016922,1.0,0.9347861177090938,0.8631167229586372,0.5046289588846717,1.0,0.9393659463794686,0.842294065634006,0.881122817932191
scGen,0.6828954964876175,0.8780311699766531,0.9264752381415144,0.6735505759716034,0.9950423496824262,0.950502077451802,0.9582771634057432,0.7014537863523138,0.9461426491994176,0.9331829192668647,0.8188036248114163,0.8645553425935957
scANVI,0.6044033914804459,0.850213191890686,0.934014722342252,0.599234402179718,0.998938629564459,0.9163943212869934,0.9373806837636932,0.5055927036594271,0.9342857142857144,0.927722181265799,0.7495485361093319,0.8208179941719187
scVI,0.5830923989415169,0.8491306923266705,0.9544884174114406,0.57724579423666,0.9711038340227728,0.9025615859504488,0.9245363048074152,0.5098586645730226,0.9313868613138686,0.9249076479202946,0.7381136016371553,0.8128312201504111
